url,website_type,device_type,timestamp,performance_score,seo_score,accessibility_score,best_practices_score,first_contentful_paint,largest_contentful_paint,cumulative_layout_shift,total_blocking_time,speed_index,time_to_interactive,total_byte_weight,meta_description_exists,title_length,h1_count,image_alt_exists,performance_category
https://example0.com,portfolio,desktop,2024-01-01 10:00:00,54.1,62.1,55.2,57.5,3062.0,3993.0,0.062,94.0,1226.0,6332.0,936.0,1,11,4,1,Needs Improvement
https://example1.com,ecommerce,mobile,2024-01-02 10:00:00,14.9,13.7,14.5,14.7,2337.0,3160.0,0.116,367.0,3474.0,4295.0,1546.0,1,12,1,1,Poor
https://example2.com,news,desktop,2024-01-03 10:00:00,27.6,24.6,26.1,29.1,546.0,5711.0,0.225,231.0,2981.0,2206.0,620.0,1,45,2,1,Poor
https://example3.com,blog,mobile,2024-01-04 10:00:00,35.9,34.4,38.9,38.3,1228.0,3839.0,0.013,505.0,1354.0,3176.0,3873.0,0,49,1,1,Poor
https://example4.com,blog,mobile,2024-01-05 10:00:00,27.9,24.2,25.2,27.3,2554.0,5826.0,0.243,166.0,1795.0,2033.0,2722.0,1,90,4,1,Poor
https://example5.com,ecommerce,mobile,2024-01-06 10:00:00,1.3,1.1,1.2,1.3,3742.0,4255.0,0.366,510.0,3918.0,5825.0,3871.0,1,74,3,0,Poor
https://example6.com,corporate,mobile,2024-01-07 10:00:00,29.4,23.8,27.1,25.3,2464.0,4855.0,0.198,314.0,2901.0,5380.0,3707.0,1,110,3,1,Poor
https://example7.com,corporate,desktop,2024-01-08 10:00:00,0.0,0.0,0.0,0.0,3800.0,3994.0,0.278,528.0,1746.0,7355.0,5183.0,1,101,1,1,Poor
https://example8.com,ecommerce,desktop,2024-01-09 10:00:00,22.9,23.2,22.8,24.2,2767.0,1003.0,0.141,183.0,2350.0,7657.0,1735.0,1,105,4,1,Poor
https://example9.com,ecommerce,desktop,2024-01-10 10:00:00,0.0,0.0,0.0,0.0,1389.0,2234.0,0.279,427.0,1206.0,3672.0,1611.0,1,28,2,0,Poor
https://example10.com,portfolio,desktop,2024-01-11 10:00:00,32.1,36.0,31.9,36.7,2435.0,3963.0,0.032,222.0,3143.0,2542.0,2316.0,1,68,2,1,Poor
https://example11.com,corporate,desktop,2024-01-12 10:00:00,36.7,32.0,38.1,35.5,2871.0,1083.0,0.205,136.0,4351.0,6054.0,5339.0,1,59,3,1,Poor
https://example12.com,blog,mobile,2024-01-13 10:00:00,14.8,12.4,16.0,16.6,2810.0,5086.0,0.222,318.0,1755.0,3673.0,2314.0,1,89,3,1,Poor
https://example13.com,ecommerce,desktop,2024-01-14 10:00:00,34.6,29.1,35.8,29.5,794.0,1808.0,0.359,364.0,2221.0,4914.0,569.0,1,70,1,0,Poor
https://example14.com,portfolio,mobile,2024-01-15 10:00:00,0.6,0.6,0.5,0.6,1639.0,4732.0,0.26,510.0,2002.0,5539.0,5432.0,1,60,2,1,Poor
https://example15.com,corporate,mobile,2024-01-16 10:00:00,39.5,36.0,35.7,41.2,2259.0,3885.0,0.197,117.0,4978.0,4820.0,5918.0,0,15,3,1,Poor
https://example16.com,news,desktop,2024-01-17 10:00:00,20.5,19.6,22.0,19.4,1999.0,5833.0,0.385,512.0,2491.0,4368.0,2708.0,1,76,4,0,Poor
https://example17.com,blog,mobile,2024-01-18 10:00:00,23.9,25.8,24.9,22.9,3965.0,1700.0,0.207,526.0,2186.0,4519.0,6056.0,0,33,1,0,Poor
https://example18.com,ecommerce,mobile,2024-01-19 10:00:00,48.0,38.9,48.8,47.1,1180.0,1355.0,0.159,30.0,1144.0,4794.0,7150.0,1,31,2,1,Poor
https://example19.com,ecommerce,mobile,2024-01-20 10:00:00,0.0,0.0,0.0,0.0,3379.0,2801.0,0.051,313.0,1778.0,4468.0,6275.0,1,49,4,0,Poor
https://example20.com,blog,mobile,2024-01-21 10:00:00,39.6,32.1,43.3,43.6,1630.0,4976.0,0.108,263.0,3754.0,2349.0,1088.0,1,43,4,1,Poor
https://example21.com,ecommerce,mobile,2024-01-22 10:00:00,18.7,18.1,17.8,17.9,1480.0,5774.0,0.295,333.0,1481.0,4051.0,5088.0,0,56,1,1,Poor
https://example22.com,portfolio,desktop,2024-01-23 10:00:00,11.5,12.1,10.4,13.0,560.0,4817.0,0.323,208.0,1181.0,4248.0,3985.0,1,67,4,1,Poor
https://example23.com,news,mobile,2024-01-24 10:00:00,4.9,5.5,5.1,5.0,2655.0,5719.0,0.378,520.0,2833.0,5274.0,5273.0,1,76,1,1,Poor
https://example24.com,blog,desktop,2024-01-25 10:00:00,40.2,37.6,41.4,38.8,1459.0,2073.0,0.151,23.0,1093.0,6887.0,5137.0,0,77,2,1,Poor
https://example25.com,news,desktop,2024-01-26 10:00:00,41.9,43.0,42.5,44.8,637.0,3090.0,0.387,329.0,2488.0,6658.0,3676.0,1,71,4,1,Poor
https://example26.com,ecommerce,desktop,2024-01-27 10:00:00,32.2,30.8,30.9,28.3,3090.0,2191.0,0.151,321.0,1043.0,7432.0,4224.0,0,80,4,1,Poor
https://example27.com,portfolio,mobile,2024-01-28 10:00:00,31.7,34.9,33.6,34.5,2711.0,3242.0,0.117,197.0,4724.0,7845.0,5544.0,1,14,3,1,Poor
https://example28.com,corporate,mobile,2024-01-29 10:00:00,4.5,4.4,4.3,4.4,3890.0,4440.0,0.335,520.0,3825.0,2488.0,6789.0,0,92,4,1,Poor
https://example29.com,ecommerce,desktop,2024-01-30 10:00:00,38.7,38.4,37.7,41.0,1328.0,5538.0,0.237,210.0,4625.0,2667.0,5811.0,1,22,2,1,Poor
https://example30.com,blog,mobile,2024-01-01 10:00:00,24.4,23.4,24.3,21.3,3185.0,5114.0,0.298,409.0,1894.0,7779.0,2281.0,0,41,1,0,Poor
https://example31.com,news,mobile,2024-01-02 10:00:00,0.0,0.0,0.0,0.0,3736.0,5596.0,0.101,417.0,3510.0,5506.0,1066.0,1,66,3,1,Poor
https://example32.com,portfolio,mobile,2024-01-03 10:00:00,17.0,15.4,16.6,15.8,1675.0,1848.0,0.259,233.0,3793.0,5217.0,2220.0,1,93,1,1,Poor
https://example33.com,news,mobile,2024-01-04 10:00:00,5.4,4.5,5.8,5.5,767.0,5703.0,0.167,349.0,1105.0,4259.0,7394.0,1,105,3,0,Poor
https://example34.com,news,desktop,2024-01-05 10:00:00,41.5,35.4,37.5,36.2,1875.0,5146.0,0.228,38.0,4252.0,7998.0,776.0,1,62,3,1,Poor
https://example35.com,news,desktop,2024-01-06 10:00:00,53.6,47.4,57.7,57.8,1822.0,2205.0,0.082,151.0,2433.0,2681.0,2560.0,1,43,2,1,Needs Improvement
https://example36.com,corporate,desktop,2024-01-07 10:00:00,4.1,4.1,4.1,4.5,3357.0,5840.0,0.035,475.0,3816.0,3278.0,4925.0,0,107,2,1,Poor
https://example37.com,blog,mobile,2024-01-08 10:00:00,22.7,21.8,23.3,25.2,2031.0,5521.0,0.139,308.0,4186.0,4756.0,6377.0,1,26,4,0,Poor
https://example38.com,news,desktop,2024-01-09 10:00:00,52.7,44.9,48.8,47.2,2224.0,2644.0,0.253,144.0,3791.0,3080.0,1069.0,1,34,3,1,Needs Improvement
https://example39.com,corporate,mobile,2024-01-10 10:00:00,59.2,51.6,54.3,52.5,1103.0,1961.0,0.016,101.0,2424.0,7365.0,2589.0,0,99,1,1,Needs Improvement
https://example40.com,blog,mobile,2024-01-11 10:00:00,35.3,32.2,37.5,38.0,2698.0,1409.0,0.349,553.0,4945.0,5220.0,958.0,1,23,2,1,Poor
https://example41.com,blog,mobile,2024-01-12 10:00:00,41.2,41.7,38.0,40.6,628.0,2262.0,0.285,537.0,2589.0,2629.0,4338.0,1,37,2,1,Poor
https://example42.com,ecommerce,mobile,2024-01-13 10:00:00,2.8,3.1,2.8,2.4,1646.0,1599.0,0.356,356.0,3947.0,5346.0,5593.0,1,117,3,1,Poor
https://example43.com,news,mobile,2024-01-14 10:00:00,6.7,6.0,6.2,6.0,2761.0,3854.0,0.142,592.0,2951.0,7105.0,5043.0,0,103,3,0,Poor
https://example44.com,ecommerce,mobile,2024-01-15 10:00:00,0.0,0.0,0.0,0.0,2336.0,3052.0,0.393,67.0,2963.0,6337.0,3484.0,1,75,3,1,Poor
https://example45.com,blog,desktop,2024-01-16 10:00:00,28.9,26.0,26.7,29.9,3193.0,1935.0,0.129,255.0,1349.0,5037.0,4307.0,1,86,3,1,Poor
https://example46.com,blog,mobile,2024-01-17 10:00:00,33.8,28.9,30.4,29.9,2420.0,3745.0,0.081,411.0,2886.0,4471.0,1159.0,1,58,1,1,Poor
https://example47.com,portfolio,mobile,2024-01-18 10:00:00,9.3,10.2,8.5,10.1,3765.0,5955.0,0.082,228.0,4181.0,3210.0,7448.0,0,94,1,1,Poor
https://example48.com,corporate,mobile,2024-01-19 10:00:00,20.3,22.0,21.9,21.1,3678.0,2581.0,0.235,410.0,3990.0,5016.0,3890.0,0,106,3,1,Poor
https://example49.com,news,desktop,2024-01-20 10:00:00,35.0,30.0,37.1,36.3,2685.0,1584.0,0.376,377.0,3966.0,5439.0,3012.0,1,66,1,1,Poor
https://example50.com,corporate,desktop,2024-01-21 10:00:00,29.5,33.3,27.2,32.5,617.0,3849.0,0.305,526.0,3416.0,5014.0,3066.0,1,38,3,1,Poor
https://example51.com,news,desktop,2024-01-22 10:00:00,32.6,28.5,35.3,33.5,2744.0,4470.0,0.217,151.0,2694.0,3728.0,3093.0,1,99,1,0,Poor
https://example52.com,blog,desktop,2024-01-23 10:00:00,26.9,31.4,28.0,24.1,563.0,5361.0,0.373,339.0,2498.0,2414.0,5725.0,0,87,4,1,Poor
https://example53.com,corporate,mobile,2024-01-24 10:00:00,18.0,20.7,18.1,18.5,896.0,5924.0,0.336,75.0,2517.0,6465.0,7406.0,0,66,1,1,Poor
https://example54.com,corporate,mobile,2024-01-25 10:00:00,16.3,15.9,15.4,16.0,2381.0,5599.0,0.139,208.0,1993.0,5466.0,6031.0,0,97,1,1,Poor
https://example55.com,corporate,mobile,2024-01-26 10:00:00,35.0,33.8,32.1,40.3,546.0,4318.0,0.071,577.0,2198.0,3860.0,1615.0,1,60,3,1,Poor
https://example56.com,news,desktop,2024-01-27 10:00:00,26.4,26.7,26.6,26.2,1822.0,5183.0,0.235,176.0,3239.0,2931.0,5855.0,0,38,3,1,Poor
https://example57.com,blog,desktop,2024-01-28 10:00:00,36.9,39.2,33.4,33.8,2754.0,3044.0,0.01,94.0,1784.0,5033.0,5870.0,1,110,3,1,Poor
https://example58.com,portfolio,mobile,2024-01-29 10:00:00,10.1,9.7,10.4,9.2,848.0,2216.0,0.289,513.0,2296.0,2522.0,6727.0,1,42,3,1,Poor
https://example59.com,news,desktop,2024-01-30 10:00:00,24.3,27.4,23.6,20.9,2750.0,4520.0,0.364,375.0,3497.0,4456.0,3019.0,1,107,1,1,Poor
https://example60.com,portfolio,mobile,2024-01-01 10:00:00,34.5,30.1,34.4,34.6,3229.0,1571.0,0.226,591.0,3167.0,5801.0,4033.0,0,31,3,1,Poor
https://example61.com,blog,mobile,2024-01-02 10:00:00,46.6,48.0,44.5,47.3,1101.0,2362.0,0.007,549.0,2990.0,6321.0,1383.0,0,95,1,1,Poor
https://example62.com,corporate,desktop,2024-01-03 10:00:00,22.2,21.2,22.3,19.2,2602.0,4325.0,0.07,549.0,4835.0,3106.0,3641.0,0,35,1,1,Poor
https://example63.com,corporate,desktop,2024-01-04 10:00:00,15.2,17.9,16.0,13.9,3017.0,2486.0,0.227,286.0,3159.0,2972.0,5478.0,1,90,2,1,Poor
https://example64.com,corporate,mobile,2024-01-05 10:00:00,22.7,24.4,22.4,20.9,3198.0,1533.0,0.03,437.0,1311.0,2014.0,4216.0,1,111,2,0,Poor
https://example65.com,news,mobile,2024-01-06 10:00:00,0.0,0.0,0.0,0.0,3711.0,1684.0,0.38,268.0,4036.0,6345.0,1888.0,1,81,1,1,Poor
https://example66.com,portfolio,desktop,2024-01-07 10:00:00,0.0,0.0,0.0,0.0,3957.0,5720.0,0.016,423.0,1482.0,6386.0,7439.0,0,81,2,1,Poor
https://example67.com,news,desktop,2024-01-08 10:00:00,11.2,11.6,10.6,9.9,3517.0,5223.0,0.128,497.0,4540.0,5182.0,778.0,1,96,4,1,Poor
https://example68.com,ecommerce,mobile,2024-01-09 10:00:00,13.9,13.4,13.8,15.9,2816.0,4689.0,0.208,256.0,4499.0,5174.0,7075.0,1,108,3,1,Poor
https://example69.com,portfolio,desktop,2024-01-10 10:00:00,20.5,19.6,18.8,19.5,810.0,1188.0,0.192,348.0,3950.0,3433.0,2538.0,0,23,4,1,Poor
https://example70.com,portfolio,mobile,2024-01-11 10:00:00,38.9,37.2,35.9,44.2,2562.0,2386.0,0.364,27.0,4145.0,2536.0,1321.0,1,65,3,1,Poor
https://example71.com,corporate,mobile,2024-01-12 10:00:00,36.3,32.4,38.7,32.2,3962.0,4717.0,0.026,241.0,1706.0,3323.0,6784.0,0,12,4,1,Poor
https://example72.com,news,mobile,2024-01-13 10:00:00,33.3,33.5,33.2,38.3,1257.0,3591.0,0.239,315.0,4263.0,3347.0,2452.0,0,98,1,1,Poor
https://example73.com,news,mobile,2024-01-14 10:00:00,0.2,0.2,0.2,0.2,3571.0,2328.0,0.052,533.0,3941.0,3688.0,7667.0,0,47,4,1,Poor
https://example74.com,blog,mobile,2024-01-15 10:00:00,17.1,19.7,17.1,19.1,3867.0,1547.0,0.358,595.0,2391.0,6068.0,961.0,1,118,1,1,Poor
https://example75.com,corporate,desktop,2024-01-16 10:00:00,61.5,72.1,56.7,65.2,1358.0,1787.0,0.064,200.0,1634.0,7285.0,2290.0,1,40,3,0,Needs Improvement
https://example76.com,corporate,mobile,2024-01-17 10:00:00,9.2,8.0,8.4,8.7,3680.0,1006.0,0.222,454.0,3527.0,3559.0,2440.0,1,97,1,1,Poor
https://example77.com,corporate,desktop,2024-01-18 10:00:00,23.6,19.9,25.7,25.0,2394.0,5815.0,0.137,380.0,4789.0,2998.0,7490.0,1,26,2,1,Poor
https://example78.com,blog,mobile,2024-01-19 10:00:00,0.0,0.0,0.0,0.0,3483.0,5951.0,0.27,268.0,2294.0,4932.0,5357.0,1,67,3,1,Poor
https://example79.com,blog,desktop,2024-01-20 10:00:00,52.2,46.4,47.8,55.0,1992.0,3257.0,0.065,477.0,1525.0,7208.0,5703.0,1,65,4,1,Needs Improvement
https://example80.com,news,mobile,2024-01-21 10:00:00,24.4,21.8,23.0,21.0,1892.0,2371.0,0.394,246.0,3860.0,5377.0,7206.0,1,36,4,0,Poor
https://example81.com,ecommerce,mobile,2024-01-22 10:00:00,18.2,15.5,16.5,20.5,3218.0,4855.0,0.338,457.0,1742.0,4773.0,5197.0,0,80,1,1,Poor
https://example82.com,portfolio,desktop,2024-01-23 10:00:00,35.1,39.3,33.8,34.6,1202.0,3458.0,0.026,349.0,2858.0,6083.0,2517.0,1,104,2,1,Poor
https://example83.com,news,desktop,2024-01-24 10:00:00,13.1,11.0,13.3,11.2,3834.0,5539.0,0.29,449.0,3473.0,6215.0,1594.0,1,41,2,1,Poor
https://example84.com,blog,mobile,2024-01-25 10:00:00,31.1,37.0,29.2,32.9,3589.0,1413.0,0.33,215.0,1801.0,3005.0,2916.0,0,84,1,1,Poor
https://example85.com,ecommerce,mobile,2024-01-26 10:00:00,38.3,42.9,37.0,41.9,682.0,3706.0,0.284,523.0,3643.0,5318.0,5856.0,1,31,2,1,Poor
https://example86.com,ecommerce,mobile,2024-01-27 10:00:00,0.0,0.0,0.0,0.0,2035.0,4624.0,0.237,390.0,1728.0,6738.0,4095.0,1,60,4,1,Poor
https://example87.com,blog,mobile,2024-01-28 10:00:00,49.1,43.6,48.3,44.7,1663.0,3712.0,0.197,49.0,2850.0,7210.0,3524.0,1,70,4,1,Poor
https://example88.com,portfolio,mobile,2024-01-29 10:00:00,27.1,22.0,26.6,28.0,3187.0,3524.0,0.217,308.0,4603.0,4530.0,4910.0,0,67,2,1,Poor
https://example89.com,corporate,mobile,2024-01-30 10:00:00,22.8,19.9,21.6,26.0,2710.0,4666.0,0.053,429.0,2652.0,2415.0,7318.0,1,69,1,1,Poor
https://example90.com,ecommerce,desktop,2024-01-01 10:00:00,36.9,29.7,37.6,38.0,833.0,4261.0,0.125,239.0,4879.0,4723.0,6935.0,0,76,2,0,Poor
https://example91.com,blog,mobile,2024-01-02 10:00:00,28.7,25.9,27.9,27.7,2843.0,1729.0,0.18,353.0,3946.0,5983.0,7614.0,1,53,4,1,Poor
https://example92.com,portfolio,mobile,2024-01-03 10:00:00,41.8,44.2,39.5,37.8,620.0,5933.0,0.049,139.0,2265.0,5043.0,888.0,0,115,4,1,Poor
https://example93.com,corporate,desktop,2024-01-04 10:00:00,0.0,0.0,0.0,0.0,3831.0,4196.0,0.347,273.0,1531.0,2861.0,4367.0,1,17,2,0,Poor
https://example94.com,news,desktop,2024-01-05 10:00:00,6.5,6.9,6.5,6.7,3538.0,1886.0,0.277,503.0,4458.0,6611.0,7585.0,0,98,2,1,Poor
https://example95.com,ecommerce,mobile,2024-01-06 10:00:00,7.3,8.8,6.7,8.4,2806.0,2969.0,0.26,64.0,4973.0,6515.0,5434.0,0,40,1,0,Poor
https://example96.com,blog,desktop,2024-01-07 10:00:00,14.8,14.4,15.7,13.1,1645.0,4338.0,0.323,457.0,3596.0,3970.0,6484.0,1,80,3,1,Poor
https://example97.com,portfolio,mobile,2024-01-08 10:00:00,33.6,29.1,34.5,36.2,2588.0,3728.0,0.178,9.0,2519.0,7180.0,4903.0,1,79,4,0,Poor
https://example98.com,blog,mobile,2024-01-09 10:00:00,29.0,29.6,30.4,30.9,1021.0,3633.0,0.098,286.0,1073.0,3175.0,3458.0,0,56,1,1,Poor
https://example99.com,ecommerce,mobile,2024-01-10 10:00:00,45.0,47.1,45.2,47.3,1830.0,1986.0,0.192,117.0,4212.0,5235.0,1747.0,1,45,2,1,Poor
https://example100.com,ecommerce,mobile,2024-01-11 10:00:00,38.6,33.7,37.0,42.0,3381.0,3612.0,0.049,516.0,2026.0,7778.0,6498.0,1,16,2,1,Poor
https://example101.com,news,mobile,2024-01-12 10:00:00,7.8,6.9,8.0,7.6,3830.0,4008.0,0.328,531.0,4624.0,6620.0,2211.0,1,100,1,1,Poor
https://example102.com,corporate,mobile,2024-01-13 10:00:00,32.7,28.1,30.9,36.3,2850.0,5048.0,0.307,90.0,1867.0,2574.0,3680.0,0,24,3,1,Poor
https://example103.com,corporate,mobile,2024-01-14 10:00:00,5.9,6.4,5.8,5.8,1868.0,3972.0,0.199,593.0,3898.0,2095.0,1523.0,1,55,3,1,Poor
https://example104.com,blog,mobile,2024-01-15 10:00:00,42.3,40.1,41.0,43.8,3204.0,2324.0,0.258,357.0,3076.0,2406.0,3509.0,1,36,4,1,Poor
https://example105.com,blog,desktop,2024-01-16 10:00:00,60.2,56.9,66.1,59.2,1308.0,3284.0,0.076,31.0,1241.0,5374.0,3339.0,1,86,1,1,Needs Improvement
https://example106.com,ecommerce,mobile,2024-01-17 10:00:00,10.1,12.1,10.1,9.8,1933.0,3113.0,0.329,1.0,2597.0,2914.0,2756.0,1,113,4,1,Poor
https://example107.com,ecommerce,desktop,2024-01-18 10:00:00,27.1,27.2,25.2,23.5,825.0,2285.0,0.315,519.0,2213.0,3579.0,5064.0,1,94,2,1,Poor
https://example108.com,ecommerce,desktop,2024-01-19 10:00:00,5.1,5.7,5.1,5.2,3389.0,2399.0,0.377,524.0,1834.0,7584.0,1713.0,0,91,1,1,Poor
https://example109.com,blog,desktop,2024-01-20 10:00:00,48.6,42.3,50.5,46.4,3321.0,4950.0,0.122,49.0,3292.0,7596.0,3522.0,1,63,1,1,Poor
https://example110.com,ecommerce,mobile,2024-01-21 10:00:00,31.6,29.9,28.9,27.1,3177.0,1874.0,0.201,239.0,1930.0,2480.0,1598.0,1,105,4,1,Poor
https://example111.com,portfolio,desktop,2024-01-22 10:00:00,28.0,24.1,25.6,30.4,870.0,4204.0,0.086,372.0,1847.0,4908.0,5377.0,1,40,4,1,Poor
https://example112.com,corporate,mobile,2024-01-23 10:00:00,22.4,23.5,23.0,20.6,761.0,4913.0,0.106,107.0,3461.0,3838.0,5687.0,1,47,3,1,Poor
https://example113.com,news,desktop,2024-01-24 10:00:00,47.9,52.4,50.5,40.9,2074.0,1973.0,0.147,248.0,1535.0,4511.0,6707.0,1,30,2,1,Poor
https://example114.com,news,mobile,2024-01-25 10:00:00,5.7,5.7,5.3,5.8,542.0,2206.0,0.39,481.0,2997.0,3596.0,7697.0,0,77,2,1,Poor
https://example115.com,portfolio,mobile,2024-01-26 10:00:00,14.4,12.3,13.3,15.1,3337.0,4070.0,0.344,235.0,3753.0,4626.0,7672.0,0,19,2,0,Poor
https://example116.com,portfolio,mobile,2024-01-27 10:00:00,35.3,40.9,35.0,39.4,3388.0,3477.0,0.155,270.0,3950.0,5073.0,2202.0,1,86,4,0,Poor
https://example117.com,corporate,mobile,2024-01-28 10:00:00,41.8,41.1,45.9,47.7,3307.0,1527.0,0.014,305.0,3645.0,3111.0,3407.0,0,14,1,1,Poor
https://example118.com,blog,desktop,2024-01-29 10:00:00,10.9,10.4,10.3,9.7,788.0,5839.0,0.118,462.0,2043.0,2416.0,5185.0,1,71,3,1,Poor
https://example119.com,news,mobile,2024-01-30 10:00:00,6.7,7.0,6.2,5.8,2160.0,1570.0,0.194,552.0,4712.0,3348.0,4406.0,1,68,2,1,Poor
https://example120.com,ecommerce,mobile,2024-01-01 10:00:00,0.0,0.0,0.0,0.0,1458.0,5642.0,0.27,298.0,4386.0,7514.0,595.0,0,22,2,1,Poor
https://example121.com,portfolio,desktop,2024-01-02 10:00:00,6.1,5.2,6.4,5.4,1620.0,4766.0,0.108,324.0,1854.0,5035.0,5960.0,1,86,2,1,Poor
https://example122.com,news,desktop,2024-01-03 10:00:00,53.2,61.2,52.5,47.8,2642.0,1530.0,0.061,56.0,1037.0,3480.0,4829.0,1,74,4,0,Needs Improvement
https://example123.com,blog,desktop,2024-01-04 10:00:00,27.1,25.7,27.3,27.3,1588.0,4712.0,0.326,369.0,4044.0,2212.0,5659.0,1,23,1,1,Poor
https://example124.com,ecommerce,desktop,2024-01-05 10:00:00,23.3,22.3,24.0,25.3,3147.0,5210.0,0.188,301.0,3372.0,4349.0,1435.0,1,113,3,0,Poor
https://example125.com,portfolio,desktop,2024-01-06 10:00:00,4.7,3.9,4.4,5.0,1857.0,3012.0,0.35,306.0,3414.0,6059.0,5926.0,1,40,4,1,Poor
https://example126.com,ecommerce,desktop,2024-01-07 10:00:00,18.3,20.7,18.4,17.6,1021.0,4477.0,0.298,589.0,2313.0,4604.0,2074.0,0,101,3,1,Poor
https://example127.com,ecommerce,mobile,2024-01-08 10:00:00,37.4,36.1,39.9,36.1,2749.0,3106.0,0.254,471.0,4801.0,3218.0,1388.0,1,19,2,0,Poor
https://example128.com,corporate,mobile,2024-01-09 10:00:00,2.2,2.0,2.2,2.4,3411.0,2365.0,0.207,179.0,2847.0,4885.0,7555.0,1,73,1,1,Poor
https://example129.com,blog,mobile,2024-01-10 10:00:00,6.6,5.7,6.8,5.9,3048.0,3482.0,0.175,438.0,4690.0,4832.0,6241.0,0,33,4,0,Poor
https://example130.com,portfolio,desktop,2024-01-11 10:00:00,7.2,8.2,6.8,6.4,1465.0,4936.0,0.39,223.0,1134.0,2376.0,3717.0,1,66,1,1,Poor
https://example131.com,ecommerce,desktop,2024-01-12 10:00:00,44.1,50.8,43.1,48.4,802.0,2184.0,0.293,329.0,2041.0,6385.0,1460.0,1,91,1,1,Poor
https://example132.com,blog,mobile,2024-01-13 10:00:00,10.2,8.3,10.7,10.0,1684.0,2543.0,0.379,580.0,4402.0,5367.0,1873.0,1,70,1,1,Poor
https://example133.com,blog,mobile,2024-01-14 10:00:00,28.1,27.3,26.1,29.5,3271.0,3744.0,0.245,136.0,3676.0,4774.0,6852.0,1,48,2,1,Poor
https://example134.com,portfolio,mobile,2024-01-15 10:00:00,5.0,5.1,5.2,5.4,3923.0,4970.0,0.199,204.0,1820.0,7267.0,7041.0,1,101,2,1,Poor
https://example135.com,ecommerce,mobile,2024-01-16 10:00:00,26.5,24.2,25.9,28.9,3128.0,3790.0,0.221,56.0,3627.0,6933.0,3077.0,1,28,1,1,Poor
https://example136.com,portfolio,desktop,2024-01-17 10:00:00,17.2,16.5,18.6,17.3,1505.0,4964.0,0.231,381.0,2790.0,5347.0,6484.0,0,89,3,1,Poor
https://example137.com,corporate,desktop,2024-01-18 10:00:00,21.3,22.6,19.8,20.9,3942.0,1704.0,0.081,111.0,4871.0,7141.0,7205.0,0,20,2,1,Poor
https://example138.com,ecommerce,mobile,2024-01-19 10:00:00,5.7,5.5,5.3,4.8,3944.0,4340.0,0.254,100.0,1372.0,2176.0,7114.0,1,35,2,1,Poor
https://example139.com,corporate,mobile,2024-01-20 10:00:00,0.0,0.0,0.0,0.0,3504.0,5095.0,0.216,426.0,2017.0,6916.0,2858.0,1,39,2,1,Poor
https://example140.com,portfolio,desktop,2024-01-21 10:00:00,59.4,65.3,61.2,61.6,852.0,2199.0,0.057,209.0,3952.0,6837.0,3878.0,1,100,3,0,Needs Improvement
https://example141.com,news,mobile,2024-01-22 10:00:00,43.6,38.9,46.6,40.7,1638.0,4432.0,0.028,105.0,2362.0,7198.0,6918.0,0,24,3,0,Poor
https://example142.com,ecommerce,mobile,2024-01-23 10:00:00,0.0,0.0,0.0,0.0,2786.0,5692.0,0.348,460.0,1001.0,3014.0,6413.0,1,55,2,1,Poor
https://example143.com,news,desktop,2024-01-24 10:00:00,32.7,35.8,35.4,30.5,1831.0,5884.0,0.044,254.0,3831.0,7837.0,815.0,1,28,1,1,Poor
https://example144.com,news,desktop,2024-01-25 10:00:00,37.5,31.7,39.1,38.0,3043.0,2524.0,0.332,169.0,2053.0,2277.0,7046.0,1,61,1,1,Poor
https://example145.com,news,mobile,2024-01-26 10:00:00,13.1,14.0,13.3,14.6,1550.0,4716.0,0.019,542.0,3505.0,5188.0,6892.0,1,57,2,1,Poor
https://example146.com,corporate,desktop,2024-01-27 10:00:00,39.4,33.3,36.2,44.3,3495.0,3607.0,0.025,499.0,4474.0,2388.0,4992.0,1,17,1,1,Poor
https://example147.com,portfolio,mobile,2024-01-28 10:00:00,60.1,70.9,59.4,65.3,2126.0,1688.0,0.136,99.0,1950.0,5074.0,1779.0,0,31,4,1,Needs Improvement
https://example148.com,portfolio,desktop,2024-01-29 10:00:00,37.3,33.7,36.3,37.0,2602.0,4718.0,0.203,380.0,4630.0,3433.0,1032.0,1,66,1,1,Poor
https://example149.com,corporate,desktop,2024-01-30 10:00:00,22.0,17.7,20.8,19.0,2638.0,2403.0,0.083,310.0,2140.0,4777.0,541.0,1,73,2,1,Poor
https://example150.com,ecommerce,mobile,2024-01-01 10:00:00,30.7,35.3,30.7,32.6,805.0,4085.0,0.046,207.0,2802.0,7577.0,4306.0,0,49,4,1,Poor
https://example151.com,news,mobile,2024-01-02 10:00:00,16.1,12.9,16.6,14.0,2628.0,2547.0,0.33,573.0,4318.0,2243.0,6659.0,1,27,2,1,Poor
https://example152.com,ecommerce,mobile,2024-01-03 10:00:00,26.3,21.9,25.6,29.8,1792.0,1605.0,0.168,451.0,3584.0,5879.0,1033.0,1,86,2,1,Poor
https://example153.com,corporate,mobile,2024-01-04 10:00:00,33.1,27.3,33.3,29.5,2644.0,5368.0,0.29,72.0,3780.0,5195.0,7268.0,1,64,1,1,Poor
https://example154.com,news,mobile,2024-01-05 10:00:00,0.0,0.0,0.0,0.0,2455.0,2716.0,0.292,391.0,3170.0,7170.0,6842.0,1,117,2,1,Poor
https://example155.com,corporate,mobile,2024-01-06 10:00:00,35.7,37.1,37.1,37.7,3708.0,3155.0,0.128,349.0,3047.0,2994.0,3284.0,1,46,4,1,Poor
https://example156.com,portfolio,desktop,2024-01-07 10:00:00,28.8,29.9,26.5,31.8,2310.0,2895.0,0.003,232.0,2458.0,3307.0,6438.0,1,74,3,1,Poor
https://example157.com,news,mobile,2024-01-08 10:00:00,50.1,44.3,54.4,48.8,1300.0,5887.0,0.213,81.0,1093.0,6537.0,1245.0,1,39,2,1,Needs Improvement
https://example158.com,news,mobile,2024-01-09 10:00:00,11.9,9.9,12.1,10.7,1812.0,3370.0,0.178,597.0,2542.0,4042.0,4590.0,1,46,1,1,Poor
https://example159.com,blog,mobile,2024-01-10 10:00:00,12.8,11.1,12.8,13.5,1364.0,5193.0,0.142,496.0,4866.0,5346.0,5818.0,1,101,3,0,Poor
https://example160.com,corporate,mobile,2024-01-11 10:00:00,0.0,0.0,0.0,0.0,3359.0,2037.0,0.313,441.0,2581.0,2237.0,2754.0,1,45,2,1,Poor
https://example161.com,corporate,desktop,2024-01-12 10:00:00,34.4,29.2,36.4,32.1,3028.0,3667.0,0.348,78.0,1138.0,7818.0,6429.0,1,35,4,0,Poor
https://example162.com,portfolio,desktop,2024-01-13 10:00:00,47.9,45.7,48.0,47.8,2561.0,2877.0,0.114,122.0,3903.0,7367.0,6213.0,1,101,3,1,Poor
https://example163.com,portfolio,mobile,2024-01-14 10:00:00,46.5,42.8,44.1,43.9,2168.0,5981.0,0.024,2.0,2793.0,5063.0,5301.0,1,40,3,0,Poor
https://example164.com,news,desktop,2024-01-15 10:00:00,0.0,0.0,0.0,0.0,3552.0,3636.0,0.253,387.0,1035.0,7987.0,6648.0,1,113,3,0,Poor
https://example165.com,corporate,desktop,2024-01-16 10:00:00,24.0,25.5,25.3,26.5,3420.0,4702.0,0.057,452.0,1418.0,4395.0,6267.0,1,87,4,1,Poor
https://example166.com,corporate,mobile,2024-01-17 10:00:00,15.3,15.5,14.7,13.4,888.0,5041.0,0.379,43.0,4368.0,3453.0,7663.0,1,75,2,1,Poor
https://example167.com,portfolio,desktop,2024-01-18 10:00:00,59.5,61.5,63.6,60.4,1905.0,2463.0,0.061,160.0,4916.0,5621.0,665.0,1,66,1,0,Needs Improvement
https://example168.com,ecommerce,mobile,2024-01-19 10:00:00,18.2,18.4,18.1,16.8,3534.0,3270.0,0.329,333.0,4216.0,5315.0,5278.0,1,86,3,1,Poor
https://example169.com,blog,mobile,2024-01-20 10:00:00,18.5,17.8,17.0,16.8,1055.0,5410.0,0.33,433.0,1187.0,3657.0,2537.0,1,96,4,1,Poor
https://example170.com,ecommerce,desktop,2024-01-21 10:00:00,0.0,0.0,0.0,0.0,3792.0,1414.0,0.372,496.0,4567.0,4603.0,1474.0,1,65,4,1,Poor
https://example171.com,ecommerce,mobile,2024-01-22 10:00:00,29.6,25.6,30.8,31.1,2228.0,2938.0,0.253,422.0,2114.0,2778.0,533.0,1,34,2,1,Poor
https://example172.com,portfolio,desktop,2024-01-23 10:00:00,34.3,33.4,34.0,31.3,2755.0,1241.0,0.144,574.0,4083.0,2017.0,4253.0,1,22,2,1,Poor
https://example173.com,portfolio,desktop,2024-01-24 10:00:00,36.0,38.6,36.8,33.8,1242.0,4287.0,0.189,528.0,4723.0,2754.0,2118.0,1,79,4,0,Poor
https://example174.com,portfolio,mobile,2024-01-25 10:00:00,41.8,35.3,41.9,38.8,1197.0,5451.0,0.115,221.0,3752.0,3451.0,936.0,1,11,2,1,Poor
https://example175.com,blog,mobile,2024-01-26 10:00:00,7.6,8.7,6.9,7.3,3077.0,2651.0,0.362,160.0,2247.0,6644.0,5936.0,1,113,4,1,Poor
https://example176.com,corporate,mobile,2024-01-27 10:00:00,45.9,42.8,44.4,49.2,767.0,2913.0,0.147,109.0,2392.0,4230.0,3766.0,0,52,1,1,Poor
https://example177.com,portfolio,mobile,2024-01-28 10:00:00,29.1,28.0,28.0,25.4,583.0,5493.0,0.313,468.0,4750.0,5620.0,3935.0,1,96,4,0,Poor
https://example178.com,blog,mobile,2024-01-29 10:00:00,48.1,53.5,45.3,51.4,1337.0,3654.0,0.26,387.0,1563.0,5734.0,4710.0,1,54,3,0,Poor
https://example179.com,news,mobile,2024-01-30 10:00:00,11.1,10.3,11.6,11.2,3672.0,1819.0,0.257,486.0,3831.0,2373.0,7605.0,0,14,4,1,Poor
https://example180.com,corporate,desktop,2024-01-01 10:00:00,3.8,4.5,3.9,4.3,1955.0,2510.0,0.304,213.0,2839.0,5279.0,7618.0,1,103,3,0,Poor
https://example181.com,news,desktop,2024-01-02 10:00:00,10.3,9.9,10.7,9.1,3642.0,4372.0,0.055,597.0,4806.0,7969.0,4454.0,1,99,2,1,Poor
https://example182.com,corporate,mobile,2024-01-03 10:00:00,39.3,44.4,41.1,37.6,3718.0,1880.0,0.086,8.0,4841.0,5129.0,606.0,1,17,1,1,Poor
https://example183.com,portfolio,mobile,2024-01-04 10:00:00,11.4,11.4,10.3,9.7,2742.0,4333.0,0.065,339.0,2508.0,5312.0,6287.0,1,94,4,1,Poor
https://example184.com,blog,mobile,2024-01-05 10:00:00,35.2,28.1,38.0,31.5,3329.0,2269.0,0.098,242.0,4678.0,7960.0,7210.0,0,102,3,1,Poor
https://example185.com,portfolio,desktop,2024-01-06 10:00:00,26.9,32.2,26.3,27.5,614.0,1289.0,0.178,165.0,3627.0,3442.0,5165.0,0,118,4,0,Poor
https://example186.com,blog,desktop,2024-01-07 10:00:00,41.4,36.9,40.9,44.1,3131.0,2143.0,0.383,89.0,3320.0,5100.0,5597.0,1,28,1,1,Poor
https://example187.com,blog,mobile,2024-01-08 10:00:00,46.2,47.9,43.3,43.9,1968.0,4902.0,0.191,299.0,1131.0,5816.0,2035.0,1,24,3,1,Poor
https://example188.com,corporate,mobile,2024-01-09 10:00:00,0.0,0.0,0.0,0.0,3394.0,1238.0,0.291,464.0,2130.0,4551.0,3145.0,0,62,2,1,Poor
https://example189.com,news,mobile,2024-01-10 10:00:00,24.8,22.9,23.5,21.1,2329.0,1273.0,0.389,136.0,1764.0,3861.0,2781.0,1,45,3,1,Poor
https://example190.com,news,mobile,2024-01-11 10:00:00,18.7,17.8,20.3,20.5,1560.0,2626.0,0.285,490.0,1882.0,6575.0,1862.0,1,81,1,1,Poor
https://example191.com,blog,mobile,2024-01-12 10:00:00,33.6,30.5,34.3,31.6,1086.0,4903.0,0.234,571.0,1520.0,5361.0,818.0,1,72,1,0,Poor
https://example192.com,ecommerce,mobile,2024-01-13 10:00:00,28.4,30.7,29.8,31.5,3396.0,4486.0,0.286,277.0,1123.0,2311.0,7407.0,0,79,2,1,Poor
https://example193.com,news,desktop,2024-01-14 10:00:00,21.3,20.3,19.9,23.2,2954.0,4635.0,0.225,568.0,4626.0,2096.0,4222.0,1,44,4,1,Poor
https://example194.com,ecommerce,mobile,2024-01-15 10:00:00,40.9,48.6,37.2,41.0,2032.0,2175.0,0.282,490.0,2929.0,2711.0,4598.0,1,71,3,1,Poor
https://example195.com,corporate,mobile,2024-01-16 10:00:00,30.2,30.2,27.6,28.5,3331.0,4386.0,0.25,190.0,3287.0,6997.0,6623.0,1,91,4,1,Poor
https://example196.com,portfolio,desktop,2024-01-17 10:00:00,25.6,24.9,27.5,26.4,569.0,2953.0,0.077,247.0,4135.0,3715.0,7512.0,1,28,2,1,Poor
https://example197.com,blog,desktop,2024-01-18 10:00:00,7.2,8.0,7.6,7.4,1835.0,5910.0,0.314,440.0,2111.0,3658.0,1371.0,1,66,4,0,Poor
https://example198.com,news,mobile,2024-01-19 10:00:00,41.7,43.0,39.2,41.9,861.0,3739.0,0.392,333.0,2057.0,3232.0,1924.0,1,89,2,1,Poor
https://example199.com,blog,mobile,2024-01-20 10:00:00,45.0,43.7,46.7,44.4,1004.0,3977.0,0.069,555.0,3594.0,3604.0,1013.0,0,76,2,1,Poor
https://example200.com,blog,mobile,2024-01-21 10:00:00,33.8,29.4,31.2,33.3,2852.0,3918.0,0.21,150.0,4779.0,6419.0,515.0,1,31,4,1,Poor
https://example201.com,ecommerce,desktop,2024-01-22 10:00:00,0.0,0.0,0.0,0.0,2696.0,2928.0,0.375,325.0,3690.0,7862.0,7547.0,0,36,2,1,Poor
https://example202.com,portfolio,mobile,2024-01-23 10:00:00,32.6,26.2,33.2,33.7,3701.0,3170.0,0.103,261.0,3683.0,6205.0,5926.0,0,48,1,1,Poor
https://example203.com,portfolio,mobile,2024-01-24 10:00:00,25.5,25.1,26.7,26.3,1369.0,2072.0,0.108,149.0,3379.0,4233.0,969.0,1,91,2,1,Poor
https://example204.com,portfolio,mobile,2024-01-25 10:00:00,37.3,37.6,34.0,35.8,2405.0,2001.0,0.247,446.0,1825.0,6798.0,6034.0,1,69,4,1,Poor
https://example205.com,news,mobile,2024-01-26 10:00:00,27.4,26.6,27.1,28.7,3256.0,3272.0,0.252,149.0,4136.0,4516.0,5791.0,1,20,2,0,Poor
https://example206.com,portfolio,desktop,2024-01-27 10:00:00,46.6,50.6,42.1,45.3,1927.0,3348.0,0.011,126.0,1638.0,2963.0,2608.0,0,83,4,1,Poor
https://example207.com,corporate,mobile,2024-01-28 10:00:00,50.2,50.5,50.5,48.0,2898.0,1552.0,0.116,186.0,1307.0,7236.0,2375.0,1,55,4,1,Needs Improvement
https://example208.com,news,desktop,2024-01-29 10:00:00,5.6,5.4,5.7,5.6,1740.0,3528.0,0.376,526.0,3086.0,6767.0,1269.0,1,85,3,1,Poor
https://example209.com,ecommerce,mobile,2024-01-30 10:00:00,0.0,0.0,0.0,0.0,1536.0,3296.0,0.164,433.0,3875.0,6394.0,3386.0,1,31,2,0,Poor
https://example210.com,ecommerce,mobile,2024-01-01 10:00:00,9.4,8.0,8.9,8.9,3063.0,5408.0,0.049,381.0,1231.0,4346.0,4866.0,0,24,2,1,Poor
https://example211.com,corporate,desktop,2024-01-02 10:00:00,22.6,19.6,22.6,22.0,1955.0,3145.0,0.216,418.0,3302.0,2133.0,5766.0,1,57,1,1,Poor
https://example212.com,news,mobile,2024-01-03 10:00:00,25.1,22.1,25.2,24.5,1000.0,4460.0,0.083,235.0,3445.0,7144.0,7218.0,1,12,3,1,Poor
https://example213.com,corporate,mobile,2024-01-04 10:00:00,36.5,41.2,39.0,36.4,1386.0,1050.0,0.289,321.0,2142.0,5189.0,6771.0,1,28,2,1,Poor
https://example214.com,corporate,desktop,2024-01-05 10:00:00,18.8,15.3,18.7,17.0,1934.0,4239.0,0.006,169.0,4872.0,2399.0,2060.0,1,54,2,1,Poor
https://example215.com,news,desktop,2024-01-06 10:00:00,55.1,60.2,56.3,58.6,1310.0,5713.0,0.017,268.0,2857.0,6336.0,1025.0,1,116,4,0,Needs Improvement
https://example216.com,corporate,desktop,2024-01-07 10:00:00,42.3,34.7,43.0,41.4,3448.0,2866.0,0.253,57.0,4128.0,6510.0,1278.0,1,67,4,0,Poor
https://example217.com,news,mobile,2024-01-08 10:00:00,10.3,8.9,9.8,10.7,2996.0,2933.0,0.265,208.0,3617.0,7335.0,3431.0,1,95,2,0,Poor
https://example218.com,blog,mobile,2024-01-09 10:00:00,30.5,35.0,32.8,32.6,2995.0,2931.0,0.235,111.0,1752.0,2462.0,4998.0,1,21,3,1,Poor
https://example219.com,blog,mobile,2024-01-10 10:00:00,44.4,39.5,44.6,48.7,2009.0,3747.0,0.213,382.0,3779.0,3312.0,6112.0,1,31,2,1,Poor
https://example220.com,portfolio,mobile,2024-01-11 10:00:00,1.2,1.0,1.2,1.1,3942.0,4934.0,0.309,449.0,4517.0,3460.0,1630.0,1,55,2,1,Poor
https://example221.com,ecommerce,desktop,2024-01-12 10:00:00,18.0,20.4,17.1,18.4,3608.0,2626.0,0.36,598.0,4869.0,6960.0,6691.0,1,70,3,1,Poor
https://example222.com,news,mobile,2024-01-13 10:00:00,48.2,39.0,46.9,52.3,3992.0,2207.0,0.016,247.0,1055.0,2481.0,1476.0,1,95,2,0,Poor
https://example223.com,blog,desktop,2024-01-14 10:00:00,55.5,53.6,54.4,53.7,1581.0,1663.0,0.205,3.0,4963.0,6540.0,7538.0,1,83,1,1,Needs Improvement
https://example224.com,portfolio,desktop,2024-01-15 10:00:00,21.5,21.3,21.3,21.5,3539.0,2896.0,0.149,371.0,4218.0,6291.0,5248.0,1,84,4,1,Poor
https://example225.com,blog,desktop,2024-01-16 10:00:00,18.9,20.0,20.7,16.5,3523.0,1550.0,0.37,379.0,1625.0,5816.0,908.0,1,24,4,1,Poor
https://example226.com,blog,desktop,2024-01-17 10:00:00,41.0,44.3,43.8,44.7,3431.0,1849.0,0.008,467.0,4641.0,5834.0,5073.0,1,22,1,1,Poor
https://example227.com,ecommerce,desktop,2024-01-18 10:00:00,3.7,3.0,3.7,3.3,3725.0,3916.0,0.237,213.0,3465.0,3478.0,890.0,1,116,3,1,Poor
https://example228.com,corporate,mobile,2024-01-19 10:00:00,35.9,29.1,38.7,37.2,1188.0,4687.0,0.115,482.0,3476.0,7645.0,7979.0,1,119,4,1,Poor
https://example229.com,news,desktop,2024-01-20 10:00:00,32.8,27.1,30.9,30.1,3359.0,5263.0,0.375,51.0,1221.0,7654.0,3392.0,0,24,1,1,Poor
https://example230.com,news,mobile,2024-01-21 10:00:00,27.3,25.1,25.9,24.3,3887.0,3199.0,0.111,479.0,2462.0,4122.0,2947.0,1,45,1,0,Poor
https://example231.com,portfolio,mobile,2024-01-22 10:00:00,21.0,19.4,21.3,23.0,1699.0,5323.0,0.062,50.0,2914.0,6683.0,4134.0,1,33,3,0,Poor
https://example232.com,portfolio,desktop,2024-01-23 10:00:00,32.1,31.0,31.8,34.2,788.0,3298.0,0.123,493.0,3189.0,7951.0,927.0,1,115,3,0,Poor
https://example233.com,news,mobile,2024-01-24 10:00:00,44.2,44.1,44.1,48.7,3613.0,2857.0,0.078,294.0,1468.0,6798.0,6062.0,0,48,4,1,Poor
https://example234.com,news,mobile,2024-01-25 10:00:00,26.7,25.7,29.2,30.2,3362.0,3551.0,0.294,308.0,3647.0,2847.0,7022.0,1,101,1,1,Poor
https://example235.com,portfolio,desktop,2024-01-26 10:00:00,14.3,13.6,15.1,13.2,1923.0,5516.0,0.242,346.0,2470.0,2522.0,4691.0,1,40,1,1,Poor
https://example236.com,portfolio,desktop,2024-01-27 10:00:00,40.0,32.0,42.9,43.5,1272.0,2091.0,0.35,150.0,2506.0,3392.0,2474.0,0,10,3,0,Poor
https://example237.com,blog,mobile,2024-01-28 10:00:00,0.0,0.0,0.0,0.0,3820.0,5723.0,0.244,555.0,1618.0,4924.0,6394.0,1,26,2,1,Poor
https://example238.com,blog,desktop,2024-01-29 10:00:00,44.2,44.4,45.2,49.7,3396.0,1854.0,0.012,123.0,4094.0,2740.0,3053.0,1,39,1,1,Poor
https://example239.com,ecommerce,desktop,2024-01-30 10:00:00,62.5,68.1,57.6,64.5,1062.0,1125.0,0.18,142.0,4689.0,6174.0,872.0,1,51,2,0,Needs Improvement
https://example240.com,corporate,mobile,2024-01-01 10:00:00,17.3,16.4,16.7,18.6,1238.0,3782.0,0.343,501.0,3099.0,6651.0,7455.0,0,20,4,0,Poor
https://example241.com,corporate,desktop,2024-01-02 10:00:00,18.2,16.7,18.6,18.7,645.0,4185.0,0.239,392.0,3956.0,3665.0,1942.0,0,67,1,0,Poor
https://example242.com,ecommerce,desktop,2024-01-03 10:00:00,31.5,30.8,30.0,30.0,2679.0,5951.0,0.125,204.0,3164.0,7909.0,1092.0,1,13,2,0,Poor
https://example243.com,ecommerce,mobile,2024-01-04 10:00:00,7.2,6.3,6.5,6.3,2985.0,2365.0,0.137,269.0,4005.0,6523.0,7349.0,1,76,4,1,Poor
https://example244.com,blog,desktop,2024-01-05 10:00:00,40.3,46.1,39.2,43.5,3245.0,3312.0,0.346,150.0,2256.0,6146.0,5878.0,0,98,2,0,Poor
https://example245.com,blog,mobile,2024-01-06 10:00:00,33.7,36.2,36.8,30.1,3521.0,5112.0,0.069,291.0,2735.0,2986.0,1377.0,0,14,2,1,Poor
https://example246.com,portfolio,mobile,2024-01-07 10:00:00,14.7,17.1,14.4,14.0,2805.0,5658.0,0.328,340.0,1331.0,3524.0,5428.0,1,118,1,1,Poor
https://example247.com,corporate,desktop,2024-01-08 10:00:00,53.1,56.4,53.4,46.7,1251.0,1336.0,0.238,443.0,4158.0,6489.0,743.0,1,63,4,1,Needs Improvement
https://example248.com,ecommerce,mobile,2024-01-09 10:00:00,12.3,12.4,11.6,14.1,3237.0,2200.0,0.058,69.0,2011.0,5466.0,704.0,1,30,3,1,Poor
https://example249.com,corporate,desktop,2024-01-10 10:00:00,27.2,26.9,27.2,30.0,1769.0,5029.0,0.131,125.0,1731.0,2838.0,1135.0,1,36,1,1,Poor
https://example250.com,news,mobile,2024-01-11 10:00:00,26.2,30.7,25.2,24.2,559.0,4396.0,0.031,252.0,3626.0,7827.0,5013.0,1,23,2,0,Poor
https://example251.com,portfolio,desktop,2024-01-12 10:00:00,4.8,4.9,4.7,5.2,2645.0,5692.0,0.265,46.0,2279.0,4629.0,3160.0,1,59,1,1,Poor
https://example252.com,portfolio,mobile,2024-01-13 10:00:00,27.6,23.8,29.4,23.8,2865.0,4291.0,0.028,237.0,1880.0,5110.0,1863.0,1,12,2,1,Poor
https://example253.com,corporate,desktop,2024-01-14 10:00:00,22.1,20.5,21.2,19.4,1596.0,5182.0,0.02,279.0,3125.0,6065.0,3347.0,1,69,2,1,Poor
https://example254.com,news,desktop,2024-01-15 10:00:00,42.8,42.8,42.2,39.6,528.0,5716.0,0.095,65.0,3056.0,3851.0,6261.0,1,72,3,1,Poor
https://example255.com,corporate,desktop,2024-01-16 10:00:00,34.8,39.0,37.9,33.7,3880.0,2976.0,0.291,207.0,3477.0,4726.0,5533.0,1,18,4,0,Poor
https://example256.com,ecommerce,desktop,2024-01-17 10:00:00,26.5,26.5,28.7,28.7,1566.0,1990.0,0.026,532.0,1684.0,4509.0,3649.0,1,87,2,0,Poor
https://example257.com,blog,mobile,2024-01-18 10:00:00,41.2,36.8,43.9,46.7,3317.0,1262.0,0.064,201.0,1542.0,3389.0,1076.0,1,85,1,1,Poor
https://example258.com,corporate,desktop,2024-01-19 10:00:00,16.4,18.3,15.8,14.1,2509.0,2964.0,0.011,350.0,2456.0,5397.0,585.0,0,99,3,1,Poor
https://example259.com,portfolio,mobile,2024-01-20 10:00:00,18.4,21.6,16.9,18.2,3413.0,5028.0,0.09,136.0,3506.0,3724.0,6630.0,0,23,2,1,Poor
https://example260.com,portfolio,desktop,2024-01-21 10:00:00,31.3,32.2,33.3,33.8,2047.0,2672.0,0.158,318.0,3190.0,6403.0,1710.0,1,11,2,0,Poor
https://example261.com,blog,desktop,2024-01-22 10:00:00,26.1,23.6,28.1,29.2,621.0,2960.0,0.279,116.0,1488.0,2667.0,5311.0,1,88,1,0,Poor
https://example262.com,portfolio,mobile,2024-01-23 10:00:00,23.8,28.4,21.5,23.4,659.0,4282.0,0.214,49.0,4954.0,7864.0,762.0,1,44,1,1,Poor
https://example263.com,corporate,mobile,2024-01-24 10:00:00,38.1,38.1,39.2,32.6,3188.0,3172.0,0.179,371.0,3756.0,6940.0,5490.0,1,13,3,0,Poor
https://example264.com,blog,mobile,2024-01-25 10:00:00,24.1,26.9,24.6,24.1,2148.0,3461.0,0.078,391.0,1504.0,7875.0,6357.0,1,118,3,1,Poor
https://example265.com,blog,desktop,2024-01-26 10:00:00,55.2,47.3,49.9,54.6,3804.0,4829.0,0.002,1.0,1933.0,5752.0,3336.0,1,51,3,0,Needs Improvement
https://example266.com,news,mobile,2024-01-27 10:00:00,28.4,33.3,27.5,28.1,3473.0,1225.0,0.294,205.0,3491.0,6841.0,4089.0,1,48,4,1,Poor
https://example267.com,corporate,desktop,2024-01-28 10:00:00,25.7,29.8,26.1,26.2,1111.0,2480.0,0.266,579.0,2451.0,5280.0,878.0,1,97,2,1,Poor
https://example268.com,blog,desktop,2024-01-29 10:00:00,33.1,38.4,35.0,34.8,1001.0,4574.0,0.117,315.0,3458.0,5487.0,5734.0,0,118,3,0,Poor
https://example269.com,news,desktop,2024-01-30 10:00:00,33.2,35.3,33.5,31.6,2718.0,3967.0,0.006,437.0,4254.0,7546.0,2926.0,1,53,2,1,Poor
https://example270.com,corporate,mobile,2024-01-01 10:00:00,27.1,25.5,25.8,23.1,3051.0,4899.0,0.047,0.0,4261.0,7366.0,5841.0,1,14,1,1,Poor
https://example271.com,ecommerce,desktop,2024-01-02 10:00:00,10.7,9.2,9.8,11.8,2832.0,5944.0,0.09,234.0,2776.0,5191.0,4100.0,1,108,4,1,Poor
https://example272.com,ecommerce,mobile,2024-01-03 10:00:00,6.2,6.7,6.0,6.7,2168.0,2592.0,0.196,516.0,3314.0,6161.0,4942.0,1,82,3,1,Poor
https://example273.com,corporate,desktop,2024-01-04 10:00:00,50.9,53.2,54.4,46.2,2667.0,1933.0,0.01,171.0,3204.0,5141.0,3823.0,0,32,3,1,Needs Improvement
https://example274.com,ecommerce,mobile,2024-01-05 10:00:00,11.3,11.9,12.0,9.7,700.0,1527.0,0.234,327.0,2087.0,4395.0,2253.0,1,51,4,1,Poor
https://example275.com,corporate,mobile,2024-01-06 10:00:00,0.0,0.0,0.0,0.0,3628.0,1373.0,0.363,598.0,1084.0,3895.0,5753.0,0,98,1,1,Poor
https://example276.com,ecommerce,mobile,2024-01-07 10:00:00,37.9,38.6,40.1,35.8,2698.0,5653.0,0.27,184.0,4877.0,4267.0,3275.0,0,92,1,1,Poor
https://example277.com,corporate,mobile,2024-01-08 10:00:00,30.3,35.0,29.8,29.3,3992.0,3259.0,0.142,240.0,3466.0,4745.0,1364.0,1,73,3,1,Poor
https://example278.com,ecommerce,desktop,2024-01-09 10:00:00,48.9,45.7,45.2,47.3,1030.0,3387.0,0.241,349.0,1152.0,5720.0,3511.0,1,13,1,0,Poor
https://example279.com,blog,desktop,2024-01-10 10:00:00,43.5,44.6,47.0,42.1,2519.0,2727.0,0.321,324.0,4515.0,5350.0,1095.0,1,40,4,1,Poor
https://example280.com,blog,mobile,2024-01-11 10:00:00,30.4,28.7,29.2,27.6,2259.0,2004.0,0.126,475.0,1497.0,7251.0,7368.0,1,118,2,1,Poor
https://example281.com,corporate,mobile,2024-01-12 10:00:00,10.4,12.3,9.4,12.0,2532.0,5680.0,0.269,289.0,1052.0,3360.0,6573.0,1,24,2,1,Poor
https://example282.com,news,mobile,2024-01-13 10:00:00,12.2,13.8,11.4,11.9,945.0,1946.0,0.184,451.0,3352.0,4119.0,7292.0,1,31,2,1,Poor
https://example283.com,blog,mobile,2024-01-14 10:00:00,31.6,28.0,32.4,32.3,2595.0,3071.0,0.383,325.0,4278.0,6949.0,5038.0,1,62,4,1,Poor
https://example284.com,corporate,mobile,2024-01-15 10:00:00,54.4,52.0,49.5,52.8,780.0,3209.0,0.065,111.0,4810.0,7301.0,2017.0,0,93,3,1,Needs Improvement
https://example285.com,news,desktop,2024-01-16 10:00:00,0.5,0.4,0.6,0.6,2437.0,3602.0,0.398,121.0,1741.0,5248.0,2436.0,1,10,2,1,Poor
https://example286.com,ecommerce,mobile,2024-01-17 10:00:00,18.1,17.1,19.9,19.1,1095.0,1635.0,0.049,311.0,1188.0,7568.0,2344.0,0,37,2,1,Poor
https://example287.com,ecommerce,desktop,2024-01-18 10:00:00,0.0,0.0,0.0,0.0,1659.0,4830.0,0.165,392.0,3397.0,6372.0,4847.0,1,103,1,1,Poor
https://example288.com,ecommerce,mobile,2024-01-19 10:00:00,5.7,6.4,5.6,5.9,2661.0,2039.0,0.235,67.0,4130.0,7955.0,2990.0,0,119,2,1,Poor
https://example289.com,portfolio,mobile,2024-01-20 10:00:00,26.8,30.2,25.6,28.7,2708.0,4698.0,0.245,10.0,4330.0,6825.0,1961.0,1,58,1,1,Poor
https://example290.com,blog,desktop,2024-01-21 10:00:00,35.0,36.8,36.8,40.1,2109.0,4379.0,0.247,341.0,1635.0,7696.0,944.0,1,113,1,1,Poor
https://example291.com,ecommerce,mobile,2024-01-22 10:00:00,2.8,2.7,2.7,3.0,1560.0,4654.0,0.28,353.0,3214.0,5422.0,7540.0,0,56,4,1,Poor
https://example292.com,blog,desktop,2024-01-23 10:00:00,13.0,13.0,12.0,12.7,2948.0,2653.0,0.298,247.0,2045.0,4515.0,1968.0,1,50,2,1,Poor
https://example293.com,blog,mobile,2024-01-24 10:00:00,40.5,34.5,41.1,35.2,3678.0,2213.0,0.037,191.0,3503.0,5303.0,1285.0,1,118,3,1,Poor
https://example294.com,portfolio,mobile,2024-01-25 10:00:00,21.8,24.5,22.3,20.4,2231.0,1608.0,0.235,190.0,3288.0,3085.0,5202.0,0,117,4,1,Poor
https://example295.com,blog,desktop,2024-01-26 10:00:00,30.7,33.4,32.4,32.7,2579.0,3948.0,0.027,499.0,2133.0,4402.0,1830.0,1,24,4,1,Poor
https://example296.com,ecommerce,mobile,2024-01-27 10:00:00,18.0,19.1,19.1,20.1,1527.0,2330.0,0.133,334.0,4727.0,7982.0,5803.0,1,104,1,1,Poor
https://example297.com,ecommerce,mobile,2024-01-28 10:00:00,18.4,17.3,19.9,15.8,503.0,5516.0,0.01,126.0,2250.0,4464.0,3622.0,0,49,4,1,Poor
https://example298.com,news,mobile,2024-01-29 10:00:00,0.0,0.0,0.0,0.0,3237.0,4829.0,0.277,579.0,3528.0,6357.0,3452.0,1,108,2,1,Poor
https://example299.com,portfolio,mobile,2024-01-30 10:00:00,48.9,56.9,47.6,52.6,1313.0,3027.0,0.108,119.0,4061.0,2859.0,6375.0,1,109,3,0,Poor
